Temple,Latitude,Longitude,LatitudeDegrees,LongitudeDegress,Address,City,State,Postal Code,Country,Phone
Aba Nigeria Temple,5.147644,7.356719,"5°8'51""N","7°21'24""E",Okpu-Umuoba Road Off Aba-Owerri Road at Union Bank,Aba,Abia State,,Nigeria,(+234) 80-3903-4804
Abidjan Côte d'Ivoire Temple,5.362307,-3.976865,"5°21'44""N","3°58'36""W",,Abidjan,,,Cote d'Ivoire,
Accra Ghana Temple,5.56749,-0.193706,"5°34'2""N","-0°11'37""E",57 Independence Avenue North Ridge PMB CT 209 Cantonments,Accra,,,Ghana,(+233) 302-650-123
Adelaide Australia Temple,-34.892473,138.635002,"34°53'32""S","138°38'6""E",53-59 Lower Portrush Road,Marden,South Australia,5070,Australia,(+61) 8-8363-8000
Alabang Philippines Temple,14.412913,121.037838,"14°24'46""N","121°2'16""E",Filinvest Avenue and Corporate Avenue Alabang,Muntinlupa,Metro Manila,,Philippines,
Albuquerque New Mexico Temple,35.167684,-106.525301,"35°10'3""N","106°31'31""W",10301 San Francisco Drive NE,Albuquerque,New Mexico,87122-3437,United States,(+1) 505-822-5110
Anchorage Alaska Temple,61.101627,-149.840512,"61°6'5""N","149°50'25""W",13161 Brayton Drive,Anchorage,Alaska,99516,United States,(+1) 907-348-7890
Antofagasta Chile Temple,-23.571891,-70.394525,"23°34'18""S","70°23'40""W",Avenida de Las Palmeras 44,Antofagasta,,,Chile,
Apia Samoa Temple,-13.838064,-171.783034,"13°50'17""S","171°46'58""W",Vaitele Street,Pesega,Apia,,Samoa,(+685) 64-230
Arequipa Peru Temple,-16.375203,-71.538477,"16°22'30""S","71°32'18""W",Avenida Cusco 380 Carmen Alto,Arequipa,Arequipa,,Peru,(+51) 54-640-300
Asunción Paraguay Temple,-25.287916,-57.602869,"25°17'16""S","57°36'10""W",Esquina Brasilia y España,Asunción,,1441,Paraguay,(+595) 21-216-92
Atlanta Georgia Temple,33.931896,-84.362394,"33°55'54""N","84°21'44""W",6450 Barfield Road NE,Sandy Springs,Georgia,30328-4283,United States,(+1) 770-393-3698
Auckland New Zealand Temple,-36.993227,174.890191,"36°59'35""S","174°53'24""E",Redoubt Road Manukau,Auckland,,,New Zealand,
Bahía Blanca Argentina Temple,-38.69117,-62.235937,"38°41'28""S","62°14'9""W",,Bahia Blanca,,,Argentina,
Bangkok Thailand Temple,13.749491,100.562527,"13°44'58""N","100°33'45""E",1645/6 New Petchaburi Road Makkasan Ratchathewi,Bangkok,,10400,Thailand,
Barranquilla Colombia Temple,11.016798,-74.86261,"11°1'0""N","74°51'45""W",Carrera 30 No. 1-1481 Villa Campestre,Barranquilla,Atlántico,,Colombia,(+57) 5-310-0200
Baton Rouge Louisiana Temple,30.362664,-91.108385,"30°21'45""N","91°6'30""W",10339 Highland Road,Baton Rouge,Louisiana,70810,United States,(+1) 225-769-1197
Belém Brazil Temple,-1.387242,-48.459894,"1°23'14""S","48°27'35""W",Av. Centenário Val de Caes,Belém,Pará,,Brazil,
Bengaluru India Temple,12.992096,77.704714,"12°59'31""N","77°42'16""E",2-B Whitefield Main Road Garudachar Palya Mahadevapura,Bengaluru,Karnataka,560048,India,
Bentonville Arkansas Temple,36.384867,-94.181319,"36°23'5""N","94°10'52""W",1101 McCollum Drive,Bentonville,Arkansas,,United States,
Bern Switzerland Temple,47.002192,7.458244,"47°0'7""N","7°27'29""E",Tempelstrasse 2,Zollikofen,Bern,CH-3052,Switzerland,(+41) 31-915-5252
Billings Montana Temple,45.800505,-108.63939,"45°48'1""N","108°38'21""W",3100 Rim Point Drive,Billings,Montana,59106-1386,United States,(+1) 406-655-0607
Birmingham Alabama Temple,33.674623,-86.821236,"33°40'28""N","86°49'16""W",1927 Mount Olive Boulevard,Gardendale,Alabama,35071,United States,(+1) 205-631-3444
Bismarck North Dakota Temple,46.838889,-100.813979,"46°50'20""N","100°48'50""W",2930 Cody Drive,Bismarck,North Dakota,58503,United States,(+1) 701-258-9590
Bogotá Colombia Temple,4.707801,-74.056247,"4°42'28""N","74°3'22""W",Carrera 46 no. 127?45,Bogotá,Distrito,Capital,Colombia,(+57) 1-625-8000
Boise Idaho Temple,43.593523,-116.275034,"43°35'36""N","116°16'30""W",1211 South Cole Road,Boise,Idaho,83709-1871,United States,(+1) 208-322-4422
Boston Massachusetts Temple,42.412002,-71.188091,"42°24'43""N","71°11'17""W",100 Hinckley Way (formerly 86 Frontage Road),Belmont,Massachusetts,02478-2135,United States,(+1) 617-993-9993
Bountiful Utah Temple,40.882853,-111.846812,"40°52'58""N","111°50'48""W",640 South Bountiful Boulevard,Bountiful,Utah,84010-1394,United States,(+1) 801-296-2100
Brasília Brazil Temple,-15.747835,-47.880945,"15°44'52""S","47°52'51""W",GA/Norte Quadra 612 ? Lote ,Brasília,Distrito Federal,,Brazil,
Brigham City Utah Temple,41.505376,-112.016592,"41°30'19""N","112°0'59""W",250 South Main Street,Brigham City,Utah,84302-2120,United States,(+1) 435-695-2170
Brisbane Australia Temple,-27.480886,153.033841,"27°28'51""S","153°2'1""E",200 River Terrace,Kangaroo Point,Queensland,4169,Australia,(+61) 7-3240-3600
Budapest Hungary Temple,47.405377,19.011151,"47°24'19""N","19°0'40""E",,Budapest,,,Hungary,
Buenos Aires Argentina Temple,-34.729286,-58.518225,"34°43'45""S","58°31'5""W",Autopista Richieri y Puente 13 Ciudad Evita,Buenos Aires,,B1778 DUA,Argentina,(+54) 11-4693-9700
Calgary Alberta Temple,51.140861,-114.2333,"51°8'27""N","114°13'59""W",9802 Rocky Ridge Road NW,Calgary,Alberta,T3G 5J7,Canada,(+1) 403-241-4250
Campinas Brazil Temple,-22.896534,-47.001133,"22°53'47""S","47°0'4""W",Rua James Esdras Faust 400 Notre Dame,Campinas,São Paulo,13092-820,Brazil,(+55) 19-2102-5800
Caracas Venezuela Temple,10.470849,-66.837293,"10°28'15""N","66°50'14""W",Avenida C con Calle C-1 Urbanización Caurimare,Caracas,Distrito Federal,1062-A,Venezuela,(+58) 212-981-1873
Cardston Alberta Temple,49.19835,-113.309394,"49°11'54""N","113°18'33""W",348 3rd Street West,Cardston,Alberta,T0K 0K0,Canada,(+1) 403-653-3552
Cebu City Philippines Temple,10.327659,123.898299,"10°19'39""N","123°53'53""E",Gorordo Avenue Barangay Lahug,Cebu City,Cebu,6000,Philippines,(+63) 32-230-1207
Cedar City Utah Temple,37.671734,-113.096271,"37°40'18""N","113°5'46""W",280 S Cove Dr,Cedar City,Utah,84720,United States,(+1) 435-572-4150
Chicago Illinois Temple,42.086829,-87.859501,"42°5'12""N","87°51'34""W",4151 West Lake Avenue,Glenview,Illinois,60025-1240,United States,(+1) 847-299-6500
Ciudad Juárez Mexico Temple,31.736269,-106.463209,"31°44'10""N","106°27'47""W",Calle Paraguay #290 Esquina José Borunda Colonia Partido Romero,Ciudad Juárez,Chihuahua,32177,Mexico,(+52) 656-611-5146
Cobán Guatemala Temple,15.459077,-90.365166,"15°27'32""N","90°21'54""W",4a. Avenida 4-48 Zona 8 Barrio Bella Vista,Cobán,,,Guatemala,
Cochabamba Bolivia Temple,-17.363644,-66.147644,"17°21'49""S","66°8'51""W",Avenida Melchor Urquidi 1500 Alto Queru Queru,Cochabamba,Cochabamba,,Bolivia,(+591) 4-429-3161
Colonia Juárez Chihuahua Mexico Temple,30.305251,-108.082038,"30°18'18""N","108°4'55""W",Calles Chihuahua y Díaz,Colonia Juárez,Chihuahua,31857,Mexico,(+52) 636-695-0144
Columbia River Washington Temple,46.226733,-119.274893,"46°13'36""N","119°16'29""W",969 Gage Boulevard,Richland,Washington,99352,United States,(+1) 509-628-0990
Columbia South Carolina Temple,33.959638,-80.893981,"33°57'34""N","80°53'38""W",2905 Trotter Road,Hopkins,South Carolina,29061-9573,United States,(+1) 803-647-9472
Columbus Ohio Temple,39.994089,-83.113214,"39°59'38""N","83°6'47""W",3870 Gateway Boulevard,Columbus,Ohio,43228,United States,(+1) 614-351-5001
Concepción Chile Temple,-36.851499,-73.049966,"36°51'5""S","73°2'59""W",1525 Pedro de Valdivia,Concepción,Bío-Bío,,Chile,(+56) 41-383-4700
Copenhagen Denmark Temple,55.692677,12.53392,"55°41'33""N","12°32'2""E",Priorvej 12,Frederiksberg,,DK-2000,Denmark,(+45) 38-18-1818
Córdoba Argentina Temple,-31.358873,-64.245809,"31°21'31""S","64°14'44""W",Avenida Pedro Simón Laplace 5637 Villa Belgrano,Córdoba,,,Argentina,(+54) 354-340-6200
Curitiba Brazil Temple,-25.441304,-49.342138,"25°26'28""S","49°20'31""W",Rua Deputado Heitor Alencar Furtado 3641 Mossunguê,Curitiba,Paraná,81200-110,Brazil,(+55) 41-3204-6650
Dallas Texas Temple,32.914288,-96.796525,"32°54'51""N","96°47'47""W",6363 Willow Lane,Dallas,Texas,75230-2227,United States,(+1) 972-991-1273
Davao Philippines Temple,7.088597,125.579755,"7°5'18""N","125°34'47""E",Ma-a Road and Anahaw Road Barangay Ma-a,Davao City,Davao del Sur,8000,Philippines,
Denver Colorado Temple,39.568698,-104.965782,"39°34'7""N","104°57'56""W",2001 East Phillips Circle,Centennial,Colorado,80122,United States,(+1) 303-730-0220
Detroit Michigan Temple,42.566266,-83.229983,"42°33'58""N","83°13'47""W",37425 Woodward Avenue,Bloomfield Hills,Michigan,48304,United States,(+1) 248-593-0690
Draper Utah Temple,40.495893,-111.840748,"40°29'45""N","111°50'26""W",14065 Canyon Vista Lane,Draper,Utah,84020-5626,United States,(+1) 801-576-4240
Durban South Africa Temple,-29.708455,31.073671,"29°42'30""S","31°4'25""E",2 Izinga Drive Izinga Ridge,Umhlanga,KwaZulu-Natal,4021,South Africa,(+27) 31-140-024
Edmonton Alberta Temple,53.489593,-113.570538,"53°29'22""N","113°34'13""W",14325 53rd Avenue NW,Edmonton,Alberta,T6H 5G6,Canada,(+1) 780-434-7436
Feather River California Temple,39.146344,-121.639963,"39°8'46""N","121°38'23""W",1470 Butte House Road,Yuba City,California,95993,United States,
Fort Collins Colorado Temple,40.494269,-105.038685,"40°29'39""N","105°2'19""W",2180 Majestic Drive,Fort Collins,Colorado,,United States,(+1) 970-797-4630
Fort Lauderdale Florida Temple,26.070899,-80.355727,"26°4'15""N","80°21'20""W",3901 SW 154th Avenue,Davie,Florida,33331,United States,(+1) 954-382-8390
Fortaleza Brazil Temple,-3.747847,-38.46101,"3°44'52""S","38°27'39""W",Avenida Santos Dumont 7771,Fortaleza,Ceará,60177-415,Brazil,(+55) 85-3533-7150
Frankfurt Germany Temple,50.258246,8.641316,"50°15'29""N","8°38'28""E",Talstrasse 10,Friedrichsdorf,Hessen,DE-61381,Germany,(+49) 6172-59000
Freiberg Germany Temple,50.922315,13.322541,"50°55'20""N","13°19'21""E",Hainichener Strasse 64,Freiberg,Sachsen,DE-09599,Germany,(+49) 3731-35960
Fresno California Temple,36.828257,-119.852911,"36°49'41""N","119°51'10""W",6290 North Valentine Avenue,Fresno,California,93711,United States,(+1) 559-437-9451
Fukuoka Japan Temple,33.572618,130.391704,"33°34'21""N","130°23'30""E",9-15 Hirao Johsui Machi Chuo-ku,Fukuoka-shi,Fukuoka-ken,810-0029,Japan,(+81) 92-525-8255
Gilbert Arizona Temple,33.291378,-111.737365,"33°17'28""N","111°44'14""W",3301 S Greenfield Rd,Gilbert,Arizona,85297,United States,(+1) 480-822-5000
Guadalajara Mexico Temple,20.66155,-103.42307,"20°39'41""N","103°25'23""W",Avenida Patria no. 879 Fraccionamiento Jardines Tepeyac,Zapopán,Jalisco,45030,Mexico,(+52) 33-3125-1283
Guatemala City Guatemala Temple,14.583303,-90.485576,"14°34'59""N","90°29'8""W",24 Avenida 2-20 Zona 15 Vista Hermosa 1,Guatemala City,Guatemala,,Guatemala,(+502) 2369-3426
Guayaquil Ecuador Temple,-2.156246,-79.904877,"2°9'22""S","79°54'17""W",Calle 6ta y Avenida Rodrigo Chávez González Principado de las Lomas,Urdesa Norte,Guayaquil,,Ecuador,(+593) 4-371-8100
Halifax Nova Scotia Temple,44.66999,-63.489038,"44°40'11""N","63°29'20""W",44 Cumberland Drive,Dartmouth,Nova Scotia,B2V 1P1,Canada,(+1) 902-434-6920
Hamilton New Zealand Temple,-37.826397,175.224885,"37°49'35""S","175°13'29""E",509 Tuhikaramea Road Temple View,Hamilton,,3218,New Zealand,(+64) 7-846-2750
Harare Zimbabwe Temple,-17.804085,31.082426,"17°48'14""S","31°4'56""E",65 Enterprise Road Highlands,Harare,,,Zimbabwe,
Hartford Connecticut Temple,41.737552,-72.844666,"41°44'15""N","72°50'40""W",2 Central Way,Farmington,Connecticut,6032,United States,(+1) 860-773-7200
Helsinki Finland Temple,60.225193,24.781785,"60°13'30""N","24°46'54""E",Leppäsillantie 3,Espoo,,FI-02620,Finland,(+358) 9-849-3710
Hermosillo Sonora Mexico Temple,29.102548,-110.94687,"29°6'9""N","110°56'48""W",General Pedro García Conde no. 303 Esquina Con Juan José Ríos Colonia Pitic,Hermosillo,Sonora,83150,Mexico,(+52) 662-210-5660
Hong Kong China Temple,22.34045,114.177336,"22°20'25""N","114°10'38""E",2 Cornwall Street Kowloon Tong,Kowloon City,,,Hong Kong,(+852) 2339-8100
Houston Texas Temple,29.999729,-95.533038,"29°59'59""N","95°31'58""W",15725 Champion Forest Drive,Spring,Texas,77379-7036,United States,(+1) 281-376-6804
Idaho Falls Idaho Temple,43.499819,-112.0415,"43°29'59""N","112°2'29""W",1000 Memorial Drive,Idaho Falls,Idaho,83402-3497,United States,(+1) 208-522-7669
Indianapolis Indiana Temple,39.955588,-86.165741,"39°57'20""N","86°9'56""W",11565 Temple Dr,Carmel,Indiana,,United States,(+1) 317-993-3800
Johannesburg South Africa Temple,-26.178051,28.039195,"26°10'40""S","28°2'21""E",7 Jubilee Road Parktown,Johannesburg,,2193,South Africa,(+27) 11-645-1540
Jordan River Utah Temple,40.566354,-111.931417,"40°33'58""N","111°55'53""W",10200 South 1300 West,South Jordan,Utah,84095-8814,United States,(+1) 801-254-3003
Kansas City Missouri Temple,39.220473,-94.501331,"39°13'13""N","94°30'4""W",7001 Searcy Creek Parkway,Kansas City,Missouri,,United States,(+1) 816-413-1430
Kinshasa Democratic Republic of the Congo Temple,-4.327478,15.27371,"4°19'38""S","15°16'25""E",Avenue de l'OUA Commune de Ngaliema,Kinshasa,,,Democratic Republic of the Congo,(+243) 815-590-060
Kona Hawaii Temple,19.641614,-155.985524,"19°38'29""N","155°59'7""W",75-230 Kalani Street,Kailua Kona,Hawaii,96740-1833,United States,(+1) 808-331-8504
Kyiv Ukraine Temple,50.404517,30.395565,"50°24'16""N","30°23'44""E",1 Yabluneva Street v. Sofiivs'ka Borshchagivka,Kyevo-Sviatoshyns'ky Rayon,Kyivs'ka Oblast,8131,Ukraine,(+380) 44-371-4088
Laie Hawaii Temple,21.647207,-157.930658,"21°38'49""N","157°55'50""W",55-600 Naniloa Loop,Laie,Hawaii,96762-1299,United States,(+1) 808-293-2427
Las Vegas Nevada Temple,36.174597,-115.020052,"36°10'28""N","115°1'12""W",827 Temple View Drive,Las Vegas,Nevada,89110-2920,United States,(+1) 702-452-5011
Layton Utah Temple,41.061699,-111.938379,"41°3'42""N","111°56'18""W",1400 East Oakhills Drive (approximate),Layton,Utah,84040,United States,
Lima Peru Los Olivos Temple,-12.019992,-77.054237,"12°1'11""S","77°3'15""W",Eloy Espinoza Urbanización Ingenieria San Martín de Porres,Lima,Lima,,Peru,
Lima Peru Temple,-12.069713,-76.948897,"12°4'10""S","76°56'56""W",Av. Javier Prado Este 6420 Urb. Santa Patricia La Molina,Lima,Lima,12,Peru,(+51) 1-612-7200
Lisbon Portugal Temple,38.779187,-9.098784,"38°46'45""N","9°5'55""W",Avenida Dom João II 1990-364 Moscavide,Lisbon,,,Portugal,(+351) 308-811-650
Logan Utah Temple,41.734161,-111.827943,"41°44'2""N","111°49'40""W",175 North 300 East,Logan,Utah,84321-4720,United States,(+1) 435-752-3611
London England Temple,51.162566,-0.052181,"51°9'45""N","-0°3'7""E",West Park Road,Newchapel,, RH7 6HW,United Kingdom,(+44) 1342 831-400
Los Angeles California Temple,34.052801,-118.433909,"34°3'10""N","118°26'2""W",10777 Santa Monica Boulevard,Los Angeles,California,90025-4718,United States,(+1) 310-474-5569
Louisville Kentucky Temple,38.32112,-85.488843,"38°19'16""N","85°29'19""W",7116 West Highway 22,Crestwood,Kentucky,40014,United States,(+1) 502-241-4115
Lubbock Texas Temple,33.528961,-101.941413,"33°31'44""N","101°56'29""W",7016 Frankford Avenue,Lubbock,Texas,79424,United States,(+1) 806-794-0774
Madrid Spain Temple,40.40009,-3.63158,"40°24'0""N","3°37'53""W",Calle del Templo no. 2,Madrid,,ES-28030,Spain,(+34) 91-214-2607
Manaus Brazil Temple,-3.073907,-60.089331,"3°4'26""S","60°5'21""W",Avenida Coronel Texeira 3162 Ponta Negra,Manaus,Amazonas,69037-000,Brazil,(+55) 92-3212-7270
Manhattan New York Temple,40.773112,-73.981622,"40°46'23""N","73°58'53""W",125 Columbus Avenue,New York,New York,10023-6514,United States,(+1) 917-441-8220
Manila Philippines Temple,14.601356,121.069818,"14°36'4""N","121°4'11""E",13 Temple Drive Greenmeadows Subdivision,Quezon City,Metro Manila,1110,Philippines,(+63) 2-635-0954
Manti Utah Temple,39.272906,-111.63376,"39°16'22""N","111°38'1""W",Temple Hill,Manti,Utah,84642,United States,(+1) 435-835-2291
McAllen Texas Temple,26.268118,-98.211125,"26°16'5""N","98°12'40""W",300 West Trenton Road,McAllen,Texas,,United States,
Medford Oregon Temple,42.373324,-122.932746,"42°22'23""N","122°55'57""W",3900 Grant Road,Central Point,Oregon,97502,United States,(+1) 541-664-2050
Melbourne Australia Temple,-37.868774,145.212622,"37°52'7""S","145°12'45""E",76 Cathies Lane,Wantirna South,Victoria,3152,Australia,(+61) 3-9881-9700
Memphis Tennessee Temple,35.240752,-89.839334,"35°14'26""N","89°50'21""W",4199 Kirby-Whitten Parkway,Bartlett,Tennessee,38135,United States,(+1) 901-379-0202
Mendoza Argentina Temple,-32.863757,-68.881592,"32°51'49""S","68°52'53""W",Avenida Champagnat,Las Heras,Mendoza,,Argentina,
Mérida Mexico Temple,20.965784,-89.631061,"20°57'56""N","89°37'51""W",Calle 70 no. 527 Esquina 65 y 67 Colonia Centro,Mérida,Yucatán,97000,Mexico,(+52) 999-928-1643
Meridian Idaho Temple,43.671022,-116.415115,"43°40'15""N","116°24'54""W",7355 North Linder Road,Meridian,Idaho,,United States,(+1) 208-957-7300
Mesa Arizona Temple,33.412876,-111.819571,"33°24'46""N","111°49'10""W",101 South LeSueur,Mesa,Arizona,85204-1031,United States,(+1) 480-833-1211
Mexico City Mexico Temple,19.465905,-99.086754,"19°27'57""N","99°5'12""W",Avenida 510 no. 90 Colonia San Juan de Aragón,Mexico City,Distrito Federal,7950,Mexico,(+52) 55-5003-3700
Monterrey Mexico Temple,25.589364,-100.259975,"25°35'21""N","100°15'35""W",Avenida Eugenio Garza Sada Esquina Privada Valle de la Estanzuela Colonia Valle Alto,Monterrey,Nuevo León,64989,Mexico,(+52) 81-8104-0635
Montevideo Uruguay Temple,-34.888444,-56.074088,"34°53'18""S","56°4'26""W",Bolonia 1722 Carrasco,Montevideo,,11500,Uruguay,(+598) 2604-7300
Monticello Utah Temple,37.877917,-109.347066,"37°52'40""N","109°20'49""W",365 North 200 West,Monticello,Utah,84535,United States,(+1) 435-587-3500
Montreal Quebec Temple,45.563335,-73.490616,"45°33'48""N","73°29'26""W",1450 Boulevard Marie-Victorin,Longueuil,Quebec,J4G 1A4,Canada,(+1) 450-646-5775
Moses Lake Washington Temple,47.103441,-119.272362,"47°6'12""N","119°16'20""W",,Moses Lake,Washington,,United States,
Mount Timpanogos Utah Temple,40.393166,-111.770509,"40°23'35""N","111°46'13""W",742 North 900 East,American Fork,Utah,84003-9124,United States,(+1) 801-763-4540
Nashville Tennessee Temple,35.948839,-86.860329,"35°56'55""N","86°51'37""W",1100 Gray Fox Lane,Franklin,Tennessee,37069,United States,(+1) 615-791-8668
Nauvoo Illinois Temple,40.55048,-91.384378,"40°33'1""N","91°23'3""W",50 North Wells Street,Nauvoo,Illinois,62354,United States,(+1) 217-453-6252
Neiafu Tonga Temple,-18.644364,-173.977801,"18°38'39""S","173°58'40""W",Tu?I Road,Neiafu,Vava'u,,Tonga,
Newport Beach California Temple,33.629627,-117.848766,"33°37'46""N","117°50'55""W",2300 Bonita Canyon Drive,Newport Beach,California,92660-9118,United States,(+1) 949-644-1820
Nuku'alofa Tonga Temple,-21.162561,-175.27232,"21°9'45""S","175°16'20""W",Loto Road Liahona,Nuku'alofa,Tongatapu,,Tonga,(+676) 20-300
Oakland California Temple,37.808027,-122.19912,"37°48'28""N","122°11'56""W",4770 Lincoln Avenue,Oakland,California,94602-2535,United States,(+1) 510-531-3200
Oaxaca Mexico Temple,17.041554,-96.713503,"17°2'29""N","96°42'48""W",Avenida Universidad no. 139 Fraccionamiento Real de Candiani,Oaxaca,Oaxaca,68130,Mexico,(+52) 951-516-9588
Ogden Utah Temple,41.227786,-111.971506,"41°13'40""N","111°58'17""W",350 22nd Street,Ogden,Utah,84401-1487,United States,(+1) 801-621-6880
Okinawa Japan Temple,26.358285,127.801718,"26°21'29""N","127°48'6""E",7-11 Matsumoto,Okinawa Shi,Okinawa-ken,,Japan,
Oklahoma City Oklahoma Temple,35.591846,-97.7267,"35°35'30""N","97°43'36""W",12030 North Mustang Road,Yukon,Oklahoma,73099,United States,(+1) 405-373-2309
Oquirrh Mountain Utah Temple,40.551145,-111.98751,"40°33'4""N","111°59'15""W",11022 South 4000 West,South Jordan,Utah,84095-5797,United States,(+1) 801-878-3800
Orem Utah Temple,40.270755,-111.720916,"40°16'14""N","111°43'15""W",1471 South Geneva Road (approximate),Orem,Utah,,United States,
Orlando Florida Temple,28.507348,-81.509578,"28°30'26""N","81°30'34""W",9000 Windy Ridge Road,Windermere,Florida,34786-8347,United States,(+1) 407-876-0022
Pago Pago American Samoa Temple,-14.333959,-170.73199,"14°20'2""S","170°43'55""W",Ottoville Road,Tafuna,Western District,96799,American Samoa,
Palmyra New York Temple,43.039148,-77.237063,"43°2'20""N","77°14'13""W",2720 Temple Road,Palmyra,New York,14522,United States,(+1) 315-597-6001
Panama City Panama Temple,8.99146,-79.57048,"8°59'29""N","79°34'13""W",Calle Rufina 3172,Ancón,Cárdenas,,Panama,(+507) 201-6233
Papeete Tahiti Temple,-17.536618,-149.556019,"17°32'11""S","149°33'21""W",Route de Fautaua?Titioro,Papeete,Tahiti,98716,French Polynesia,(+689) 40-50-3939
Paris France Temple,48.817892,2.123171,"48°49'4""N","2°7'23""E",46 Boulevard Saint-Antoine 15-21 rue du General Welvert,Le Chesnay,,78150,France,(+33) 970-73-70-00
Payson Utah Temple,40.019258,-111.749175,"40°1'9""N","111°44'57""W",1494 South 930 West,Payson,Utah,,United States,(+1) 801-754-4949
Perth Australia Temple,-31.906905,115.869834,"31°54'24""S","115°52'11""E",163-173 Wordsworth Avenue,Yokine,Western Australia,6060,Australia,(+61) 8-9276-0000
Philadelphia Pennsylvania Temple,39.959174,-75.168072,"39°57'33""N","75°10'5""W",1739 Vine Street,Philadelphia,Pennsylvania,19103,United States,(+1) 215-398-3040
Phnom Penh Cambodia Temple,11.569891,104.895707,"11°34'11""N","104°53'44""E",Russian Confederation Street,Phnom Penh,,,Cambodia,
Phoenix Arizona Temple,33.698555,-112.172329,"33°41'54""N","112°10'20""W",5220 West Pinnacle Peak Road,Phoenix,Arizona,85310,United States,(+1) 623-474-9500
Pittsburgh Pennsylvania Temple,40.695652,-80.142634,"40°41'44""N","80°8'33""W",,Pittsburgh,Pennsylvania,,United States,
Pocatello Idaho Temple,42.915259,-112.406374,"42°54'54""N","112°24'22""W",3100 Butte Street,Pocatello,Idaho,83201,United States,
Port Moresby Papua New Guinea Temple,-9.477474,147.176546,"9°28'38""S","147°10'35""E",Muniogo Crescent Badili,Port Moresby,,,Papua New Guinea,
Port-au-Prince Haiti Temple,18.529017,-72.268143,"18°31'44""N","72°16'5""W",Route de Freres Delmas 105 Petionville,Port-au-Prince,,,Haiti,(+509) 2262-5810
Portland Oregon Temple,45.425345,-122.742224,"45°25'31""N","122°44'32""W",13600 SW Kruse Oaks Boulevard,Lake Oswego,Oregon,97035-8602,United States,(+1) 503-639-7066
Porto Alegre Brazil Temple,-30.034047,-51.157868,"30°2'2""S","51°9'28""W",Rua General Salvador Pinheiro 50 Vila Jardim,Porto Alegre,Rio Grande do Sul,91320-240,Brazil,(+55) 51-2104-2700
Praia Cabo Verde Temple,14.918789,-23.511157,"14°55'7""N","23°30'40""W",Av. Cidade de Lisboa,Praia,,,Cape Verde,
Preston England Temple,53.672476,-2.631275,"53°40'20""N","2°37'52""W",Temple Way Hartwood Green Chorley,Lancashire,, PR6 7EQ,United Kingdom,(+44) 1257-226-100
Provo City Center Temple,40.232667,-111.659299,"40°13'57""N","111°39'33""W",50 South University Avenue,Provo,Utah,84601,United States,(+1) 801-343-2700
Provo Utah Temple,40.263666,-111.639779,"40°15'49""N","111°38'23""W",2200 Temple Hill Drive,Provo,Utah,84604-1766,United States,(+1) 801-375-5775
Puebla Mexico Temple,19.085418,-98.235514,"19°5'7""N","98°14'7""W",15 de Mayo Los Cipreses,Puebla,,,Mexico,
Quetzaltenango Guatemala Temple,14.846493,-91.542517,"14°50'47""N","91°32'33""W",9a Calle 4-03 Zona 9 Frente a Residenciales Los Cerezos 1,Quetzaltenango,,9000,Guatemala,(+502) 7728-1603
Quito Ecuador Temple,-0.213711,-78.441018,"-0°12'49""N","78°26'27""W",,Cumbayá,,,Ecuador,
Raleigh North Carolina Temple,35.732111,-78.861542,"35°43'55""N","78°51'41""W",574 Bryan Drive,Apex,North Carolina,27502,United States,(+1) 919-362-4135
Recife Brazil Temple,-8.03639,-34.911123,"8°2'11""S","34°54'40""W",Rua Dr. José de Góes 284 Parnamirim,Recife,Pernambuco,52060-380,Brazil,(+55) 81-2129-4300
Red Cliffs Utah Temple,37.082184,-113.519741,"37°4'55""N","113°31'11""W",Northeast of 3000 E and 1580 S,St. George,Utah,,United States,
Redlands California Temple,34.049037,-117.140579,"34°2'56""N","117°8'26""W",1761 5th Avenue,Redlands,California,92374,United States,(+1) 909-389-7369
Regina Saskatchewan Temple,50.420981,-104.54168,"50°25'15""N","104°32'30""W",111 Wascana Gate North,Regina,Saskatchewan,S4V 2J6,Canada,(+1) 306-545-8194
Reno Nevada Temple,39.534611,-119.898913,"39°32'4""N","119°53'56""W",2000 Beaumont Parkway,Reno,Nevada,89523,United States,(+1) 775-747-6688
Rexburg Idaho Temple,43.810922,-111.778979,"43°48'39""N","111°46'44""W",750 South 2nd East,Rexburg,Idaho,83440-5404,United States,(+1) 208-656-0880
Richmond Virginia Temple,37.672884,-77.535372,"37°40'22""N","77°32'7""W",10915 Staples Mill Rd,Glen Allen,Virginia,,United States,
Rio de Janeiro Brazil Temple,-23.000894,-43.399918,"23°0'3""S","43°23'59""W",Avenida das Américas 8547 Barra da Tijuca,Rio de Janeiro,Rio de Janeiro,22621-120,Brazil,
Rome Italy Temple,41.970437,12.544764,"41°58'13""N","12°32'41""E",Via di Settebagni 376,Rome,,,Italy,(+39) 06-9480-5050
Sacramento California Temple,38.635116,-121.193925,"38°38'6""N","121°11'38""W",2110 California Circle,Rancho Cordova,California,95742,United States,(+1) 916-357-5870
Salt Lake Temple,40.770468,-111.891958,"40°46'13""N","111°53'31""W",50 West North Temple Street,Salt Lake City,Utah,84150-0701,United States,(+1) 801-240-2640
Salta Argentina Temple,-24.837197,-65.470001,"24°50'13""S","65°28'12""W",Ruta 51,Salta,,,Argentina,
Salvador Brazil Temple,-12.929251,-38.386386,"12°55'45""S","38°23'10""W",,Salvador,Bahia,,Brazil,
San Antonio Texas Temple,29.641481,-98.488789,"29°38'29""N","98°29'19""W",20080 Stone Oak Parkway,San Antonio,Texas,78258-6920,United States,(+1) 210-538-0034
San Diego California Temple,32.866389,-117.228769,"32°51'59""N","117°13'43""W",7474 Charmant Drive,San Diego,California,92122-5000,United States,(+1) 858-622-0991
San José Costa Rica Temple,9.986418,-84.184831,"9°59'11""N","84°11'5""W",Del Hotel Marriott 600 Metros Oeste La Ribera de Belén,Heredia,,40702,Costa Rica,(+506) 2293-6681
San Juan Puerto Rico Temple,18.385623,-66.029896,"18°23'8""N","66°1'47""W",123 Calle Ronda Urbanización Villa Andalucía,San Juan,,926,Puerto Rico,
San Pedro Sula Honduras Temple,15.522544,-88.036856,"15°31'21""N","88°2'12""W",Bulevar Mario Catarino Rivas,San Pedro Sula,Cortés,,Honduras,
San Salvador El Salvador Temple,13.683347,-89.246822,"13°41'0""N","89°14'48""W",Avenida El Espino y Calle El Pedregal Colonia San Benito,Antiguo Cuscatlán,La Libertad,,El Salvador,(+503) 2520-2631
Santiago Chile Temple,-33.436174,-70.609521,"33°26'10""S","70°36'34""W",Pocuro 1940 Providencia,Santiago,Región Metropolitana,664-1404,Chile,(+56) 22-340-5070
Santo Domingo Dominican Republic Temple,18.466567,-69.917144,"18°27'59""N","69°55'1""W",Avenida Bolivar no. 825 Los Robles,Santo Domingo,Distrito Nacional,10106,Dominican Republic,(+1) 809-731-2000
São Paulo Brazil Temple,-23.585174,-46.722764,"23°35'6""S","46°43'21""W",Avenida Professor Francisco Morato 2390 Caxingui,São Paulo,São Paulo,05512-900,Brazil,(+55) 11-3723-7600
Sapporo Japan Temple,43.0249,141.4457,"43°1'29""N","141°26'44""E",1-6-1 Oyachi-Nishi Atsubetsu-ku,Sapporo,Hokkaid?,004-0042,Japan,(+81) 11-890-8120
Saratoga Springs Utah Temple,40.343707,-111.933257,"40°20'37""N","111°55'59""W", 987 South Ensign Drive,Saratoga Springs,Utah,,United States,
Seattle Washington Temple,47.58407,-122.140876,"47°35'2""N","122°8'27""W",2808 148th Avenue SE,Bellevue,Washington,98007-6453,United States,(+1) 425-643-5144
Seoul Korea Temple,37.558913,126.931286,"37°33'32""N","126°55'52""E",500-23 Changcheon-dong Seodaemun-gu,Seoul-si,Seoul-teukbyeolsi,120-836,South Korea,(+82) 2-334-9100
Snowflake Arizona Temple,34.502494,-110.111607,"34°30'8""N","110°6'41""W",1875 West Canyon Drive,Snowflake,Arizona,85937,United States,(+1) 928-536-6626
Spokane Washington Temple,47.620163,-117.22069,"47°37'12""N","117°13'14""W",13710 East 40th Avenue,Spokane,Washington,99206,United States,(+1) 509-926-2824
St. George Utah Temple,37.100535,-113.578041,"37°6'1""N","113°34'40""W",250 East 400 South,St. George,Utah,84770-3699,United States,(+1) 435-673-3533
St. Louis Missouri Temple,38.639651,-90.464685,"38°38'22""N","90°27'52""W",12555 North Outer Forty Drive,St. Louis,Missouri,63141-8620,United States,(+1) 314-514-1122
St. Paul Minnesota Temple,44.980261,-92.965199,"44°58'48""N","92°57'54""W",2150 Hadley Avenue North,Oakdale,Minnesota,55128-4505,United States,(+1) 651-748-5910
Star Valley Wyoming Temple,42.712073,-110.932532,"42°42'43""N","110°55'57""W",885 South Washington Street,Afton,Wyoming,,United States,(+1) 307-886-6820
Stockholm Sweden Temple,59.124676,18.109177,"59°7'28""N","18°6'33""E",Tempelvägen 5,Västerhaninge,,SE-13742,Sweden,(+46) 8-5006-5500
Suva Fiji Temple,-18.119705,178.438559,"18°7'10""S","178°26'18""E",2-20 Lakeba Street,Samabula,Suva,,Fiji,(+679) 338-8952
Sydney Australia Temple,-33.775617,151.050592,"33°46'32""S","151°3'2""E",756 Pennant Hills Road (Corner of Pennant Hills Road and Moseley Street),Carlingford,New South Wales,2118,Australia,(+61) 2-9841-5471
Syracuse Utah Temple,41.099938,-112.076542,"41°5'59""N","112°4'35""W",2500 West and 1025 South,Syracuse,Utah,,United States,
Taipei Taiwan Temple,25.031377,121.527794,"25°1'52""N","121°31'40""E",256 Ai Kuo East Road,Taipei,,106,Taiwan,(+886) 2-2192-4930
Tallahassee Florida Temple,30.520073,-84.238088,"30°31'12""N","84°14'17""W",,Tallahassee,Florida,,United States,
Tampico Mexico Temple,22.254262,-97.855869,"22°15'15""N","97°51'21""W",Avenida Ejército Mexicano no. 74 con 3A Avenida Colonia Lomas del Gallo,Ciudad Madero,Tamaulipas,89480,Mexico,(+52) 833-216-9660
Taylorsville Utah Temple,40.666741,-111.954768,"40°40'0""N","111°57'17""W",,Taylorsville,Utah,,United States,
Tegucigalpa Honduras Temple,14.052174,-87.238019,"14°3'7""N","87°14'16""W",Residenciales Roble Oeste Boulevard Roble Oeste 3ra Calle Sur,Comayagüela,Francisco Morazán,,Honduras,(+504) 2264-1212
The Gila Valley Arizona Temple,32.862971,-109.789974,"32°51'46""N","109°47'23""W",5291 West Highway 70,Central,Arizona,85531,United States,(+1) 928-428-7243
The Hague Netherlands Temple,52.054487,4.502979,"52°3'16""N","4°30'10""E",Osijlaan 2,Zoetermeer,,NL-2722 CV,Netherlands,(+31) 79-343-5310
Tijuana Mexico Temple,32.488713,-116.929441,"32°29'19""N","116°55'45""W",Paseo Del Rio 6832 Esquina Campestre Oriente Col 3 RA Etapa Rio Tijuana,Tijuana,Baja California,22226,Mexico,(+52) 664-969-2690
Tokyo Japan Temple,35.652838,139.724539,"35°39'10""N","139°43'28""E",5-8-10 Minami Azabu Minato-Ku,Tokyo,, 106-0047,Japan,
Tooele Valley Utah Temple,40.608321,-112.295994,"40°36'29""N","112°17'45""W",Northwest of Erda Way and Highway 36,Erda,Utah,84074,United States,
Toronto Ontario Temple,43.744338,-79.746059,"43°44'39""N","79°44'45""W",10060 Bramalea Road,Brampton,Ontario,L6R 1A1,Canada,(+1) 905-799-1122
Trujillo Peru Temple,-8.100149,-79.058515,"8°6'0""S","79°3'30""W",Av. Mansiche Km 35 Carretera hacia Huanchaco,Trujillo,La Libertad,,Peru,(+51) 44-602-130
Tucson Arizona Temple,32.338454,-110.949174,"32°20'18""N","110°56'57""W",7281 N Skyline Dr,Tucson,Arizona,85718,United States,(+1) 520-395-3900
Tuxtla Gutiérrez Mexico Temple,16.764164,-93.159155,"16°45'50""N","93°9'32""W",Carretera a Chicoasen Chiapas Kilómetro 14 Esquina Paseo de la Roseta Fraccionamiento San José Chapultepec,Tuxtla Gutiérrez,Chiapas,29047,Mexico,(+52) 961-615-8287
Twin Falls Idaho Temple,42.586827,-114.441509,"42°35'12""N","114°26'29""W",1405 Eastland Drive North,Twin Falls,Idaho,83301,United States,(+1) 208-736-7070
Urdaneta Philippines Temple,15.938567,120.581762,"15°56'18""N","120°34'54""E",MacArthur Highway,Urdaneta,,,Philippines,
Vancouver British Columbia Temple,49.151212,-122.658009,"49°9'4""N","122°39'28""W",20370 82nd Avenue,Langley,British Columbia,V2Y 2A9,Canada,(+1) 604-513-5933
Veracruz Mexico Temple,19.13441,-96.10626,"19°8'3""N","96°6'22""W",Avenida Ejército Mexicano Esquina Michoacán Colonia Luís Echeverría,Boca del Río,Veracruz,94290,Mexico,(+52) 229-922-9621
Vernal Utah Temple,40.453205,-109.537413,"40°27'11""N","109°32'14""W",170 South 400 West,Vernal,Utah,84078-2536,United States,(+1) 435-789-3220
Villahermosa Mexico Temple,17.981276,-92.937375,"17°58'52""N","92°56'14""W",Avenida 27 de Febrero no. 1717 Colonia Atasta de Serra,Villahermosa,Tabasco,86100,Mexico,(+52) 993-352-2028
Washington D.C. Temple,39.014079,-77.065624,"39°0'50""N","77°3'56""W",9900 Stoneybrook Drive,Kensington,Maryland,20895-3199,United States,(+1) 301-588-0650
Winnipeg Manitoba Temple,49.800544,-97.195212,"49°48'1""N","97°11'42""W",2 Centre Street,Winnipeg,Manitoba,,Canada,
Winter Quarters Nebraska Temple,41.334075,-95.96619,"41°20'2""N","95°57'58""W",8283 North 34th Street,Omaha,Nebraska,68112-2114,United States,(+1) 402-453-3406
Yigo Guam Temple,13.541741,144.890143,"13°32'30""N","144°53'24""E",Marine Corps Drive and Milalak Drive,Yigo,,,Guam,
